Task;Poço Recolhido;Duração Recolhimento;Escopo;Anuência;Plataforma;"Data lançamento linha
Informado ao Ibama";Restrição Precedente;Poço Demandante;Data Limite para recolhimento;Recurso;Início PLSV;Término PLSV;"Conflito
Precedência";Conflito Sucessão;Folga;Peso;Folga
1;7-MRL-150HP-RJS;37,4;Recolhimento;Emitida em 13/12/2021;P-37;23/10/2022;26/04/2022;7-MRL-156HP-RJS;30/10/2022;PLSV1;28/04/2022;04/06/2022;;;148;113,02474;149,60
2;8-MLS-81HP-RJS;12,3;Recolhimento;Emitida em 13/12/2021;P-37;13/11/2022;10/05/2022;7-MRL-156HP-RJS;30/10/2022;PLSV1;05/06/2022;17/06/2022;;;134;170,97275;160,70
3;7-MRL-138HP-RJS;11,4;Recolhimento;2ª Carta até 10/abr;P-37;13/11/2022;10/05/2022;7-MRL-156HP-RJS;30/10/2022;PLSV1;18/06/2022;30/06/2022;;;122;116,6778;161,60
4;7-MLS-51HP-RJS;15,1;Recolhimento;2ª Carta até 10/abr;P-37;13/11/2022;04/10/2019;7-MRL-156HP-RJS;30/10/2022;PLSV1;01/07/2022;16/07/2022;;;106;193,13478;1106,90
5;7-MRL-156HP-RJS;7;Remanejamento;;P-37;13/11/2022;04/06/2022;7-MRL-156HP-RJS;30/10/2022;PLSV1;17/07/2022;24/07/2022;;;98;126,32934;141,00
6;8-VD-7HPA-RJS;3;Remanejamento;;P-27;17/04/2023;24/07/2022;MIS-PLEM-Y;09/10/2022;PLSV1;25/07/2022;28/07/2022;;;73;159,11025;74,00
7;7-MRL-64D-RJS;12,4;Recolhimento;;P-35;27/10/2023;19/08/2020;PLEM-Y-UEP2;09/12/2022;PLSV1;29/07/2022;10/08/2022;;;121;211,50568;829,60
8;7-MRL-167HP-RJS;19,5;Recolhimento;Emitida em 13/12/2021;P-26;23/11/2022;31/12/2021;7-MRL-167HP-RJS;22/12/2022;PLSV1;11/08/2022;31/08/2022;;;113;229,31594;336,50
9;7-MRL-103-RJS;12,2;Remanejamento;;P-37;08/12/2022;05/09/2022;7-MRL-103-RJS;14/11/2022;PLSV1;01/09/2022;13/09/2022;Precedente;;62;82,06399623;57,80
10;7-MRL-102H-RJS;8;Remanejamento;;P-35;14/03/2023;03/04/2021;7-MRL-102H-RJS;11/01/2023;PLSV1;14/09/2022;22/09/2022;;;111;119,67616;640,00
11;GA_P-26/P-35;3,5;Recolhimento;Emitida em 13/12/2021;P-26;28/01/2023;31/12/2021;7-MRL-210HPA-RJS;17/01/2023;PLSV1;23/09/2022;26/09/2022;;;113;719,47749;378,50
12;7-MRL-223HP-RJS;15,5;Recolhimento;Emitida em 13/12/2021;P-26;23/11/2022;31/12/2021;7-MRL-223HP-RJS;01/03/2023;PLSV1;27/09/2022;13/10/2022;;;139;252,50999;409,50
13;7-MRL-24D-RJS;24,3;Recolhimento;4ª carta até 31/mar;P-18;07/06/2023;07/10/2011;7-MRL-145H-RJS;30/03/2023;PLSV1;14/10/2022;07/11/2022;;;142;277,26428;4167,70
14;7-MRL-194HP-RJS;18,4;Recolhimento;Emitida em 13/12/2021;P-26;21/05/2023;31/12/2021;MSP-M2-01;30/03/2023;PLSV1;08/11/2022;26/11/2022;;;124;297,69657;435,60
15;7-MRL-60D-RJS;28;Recolhimento;2ª Carta até 10/abr;P-26;21/05/2023;10/05/2022;MSP-M2-01;30/03/2023;PLSV1;27/11/2022;25/12/2022;;;95;278,9544;296,00
16;7-MRL-210HPA-RJS;7,5;Remanejamento;;P-18;08/02/2023;31/12/2022;7-MRL-210HPA-RJS;17/01/2023;PLSV1;26/12/2022;03/01/2023;Precedente;;14;217,72218;9,50
17;7-MRL-215HP-RJS;17,6;Recolhimento;;P-18;01/01/1900;31/12/2022;7-MRL-215HP-RJS;10/02/2023;PLSV1;04/01/2023;22/01/2023;;;20;401,934929;23,40
18;8-MRL-161HP-RJS;12,6;Recolhimento;4ª carta até 31/mar;P-18;07/06/2023;11/07/2020;7-MRL-145H-RJS;30/03/2023;PLSV1;23/01/2023;04/02/2023;;;53;315,8716;979,40
19;7-MRL-227D-RJS;16;Recolhimento;;P-20;09/05/2023;26/05/2021;7-MRL-206HB-RJS;15/05/2023;PLSV1;05/02/2023;21/02/2023;;;83;718,59956;703,00
20;7-MRL-72D-RJS;12,9;Recolhimento;;P-20;09/05/2023;07/05/2017;7-MRL-206HB-RJS;15/05/2023;PLSV1;22/02/2023;07/03/2023;;;69;168,54451;2186,10
21;6-MRL-199D-RJS;19,1;Recolhimento;5ª carta até 31/mar;P-20;09/04/2023;31/12/2022;7-MRL-206HB-RJS;15/05/2023;PLSV1;08/03/2023;27/03/2023;;;49;921,77504;115,90
22;7-MRL-74-RJS;21,2;Recolhimento;5ª carta até 31/mar;P-19;20/07/2023;11/07/2014;MSP-M1-03;06/06/2023;PLSV1;28/03/2023;18/04/2023;;;48;180,72126;3230,80
23;7-MRL-169HP-RJS;43,4;Recolhimento;4ª carta até 31/mar;P-19;20/07/2023;23/02/2017;MSP-M1-03;06/06/2023;PLSV1;19/04/2023;02/06/2023;;;4;464,27886;2250,60
24;4-RJS-377;15,9;Recolhimento;5ª carta até 31/mar;P-27;19/05/2023;15/06/2021;4-RJS-377;21/06/2023;PLSV2;01/06/2023;17/06/2023;;;4;293,11332;720,10
25;8-MRL-66HB-RJS;15,9;Recolhimento;5ª carta até 31/mar;P-27;06/03/2023;03/11/2022;8-MRL-66HB-RJS;21/07/2023;PLSV1;03/06/2023;19/06/2023;;;32;343,30804;244,10
26;7-MRL-56D-RJS;27,4;Recolhimento;;P-20;15/08/2023;17/10/2016;8-MRL-232D-RJS;26/07/2023;PLSV2;18/06/2023;15/07/2023;;;11;280,51373;2445,60
27;7-MRL-185HPA-RJS;18,6;Recolhimento;;P-20;15/08/2023;31/12/2022;8-MRL-232D-RJS;26/07/2023;PLSV1;20/06/2023;08/07/2023;;;18;378,11429;188,40
28;7-MRL-10-RJS;47,9;Recolhimento;;P-20;15/08/2023;11/07/2014;8-MRL-232D-RJS;26/07/2023;PLSV1;09/07/2023;26/08/2023;;Limite;-31;415,13292;3254,10
29;8-MRL-114D-RJS;6;Remanejamento;;P-37;05/08/2023;01/06/2020;MSI-M2-03;26/07/2023;PLSV2;16/07/2023;22/07/2023;;;4;88,20624;1144,00
30;8-MRL-132D-RJS;12,2;Remanejamento;;P-37;08/07/2023;19/07/2022;MSI-M2-03;26/07/2023;PLSV2;23/07/2023;04/08/2023;;Limite;-9;110,96613;359,80
31;8-MRL-211DA-RJS;12,3;Recolhimento;;P-37;01/01/1900;20/08/2021;8-MRL-144D-RJS;17/08/2023;PLSV2;05/08/2023;18/08/2023;;Limite;0;240,57023;714,70
32;7-VD-14HP-RJS;21,4;Recolhimento;5ª carta até 31/mar;P-27;06/03/2023;06/11/2013;7-VD-17HA-RJS;17/08/2023;PLSV2;19/08/2023;09/09/2023;;Limite;-23;282,74577;3549,60
33;7-MRL-104D-RJS;7,5;Remanejamento;;P-37;11/02/2024;31/01/2019;8-MRL-144D-RJS;17/08/2023;PLSV1;27/08/2023;04/09/2023;;Limite;-17;59,20554;1651,50
34;7-VD-17HA-RJS;6;Remanejamento;;P-27;06/03/2023;17/08/2022;7-VD-17HA-RJS;17/08/2023;PLSV1;05/09/2023;11/09/2023;;Limite;-25;269,31125;359,00
35;8-MRL-165HPA-RJS;15,4;Recolhimento;3ª carta até 31/mar;P-37;01/01/1900;27/08/2019;8-MRL-144D-RJS;17/08/2023;PLSV2;10/09/2023;25/09/2023;;Limite;-39;270,6470461;1435,60
36;7-MLS-37HP-RJS;21,3;Recolhimento;Emitida em 13/12/2021;P-37;14/09/2023;31/12/2021;8-MRL-144D-RJS;17/08/2023;PLSV1;12/09/2023;03/10/2023;;Limite;-47;241,41836;572,70
37;7-MRL-154HP-RJS;24,6;Recolhimento;3ª carta até 31/mar;P-37;14/09/2023;24/10/2018;8-MRL-144D-RJS;17/08/2023;PLSV1;04/10/2023;29/10/2023;;Limite;-72;434,03995;1733,40
38;7-MRL-213HA-RJS;7,5;Remanejamento;;P-37;14/09/2023;08/03/2019;8-MRL-144D-RJS;17/08/2023;PLSV2;19/10/2023;26/10/2023;;Limite;-70;185,692452;1615,50
39;7-MRL-87D-RJS;20,9;Recolhimento;;P-37;14/09/2023;29/02/2012;8-MRL-144D-RJS;17/08/2023;PLSV1;30/10/2023;20/11/2023;;Limite;-94;62,17724;4166,10
40;8-MRL-144D-RJS;3;Remanejamento;;P-37;14/09/2023;03/04/2021;8-MRL-144D-RJS;17/08/2023;PLSV1;21/11/2023;24/11/2023;;Limite;-98;41,75754;863,00
41;8-MRL-96D-RJS;12,1;Recolhimento;Emitida em 13/12/2021;P-37;14/08/2023;31/12/2021;8-MRL-144D-RJS;17/08/2023;PLSV2;23/11/2023;05/12/2023;;Limite;-110;96,8172;581,90
42;MSPI-MRL-06;21,9;Recolhimento;;P-37;14/09/2023;01/01/1900;8-MRL-144D-RJS;17/08/2023;PLSV1;05/12/2023;27/12/2023;;Limite;-131;718,80677;45132,10
43;8-MRL-175HP-RJS;2;Remanejamento;;P-37;03/10/2023;11/07/2022;8-MRL-175HP-RJS;02/09/2023;PLSV2;06/12/2023;08/12/2023;;Limite;-97;30,09951;416,00
44;8-MRL-105D-RJS;8;Remanejamento;;P-37;03/10/2023;08/08/2021;8-MRL-175HP-RJS;02/09/2023;PLSV2;17/12/2023;25/12/2023;;Limite;-114;25,69013;747,00
45;7-MRL-131HP-RJS;3,2;Recolhimento;3ª carta até 31/mar;P-37;27/08/2023;02/01/2017;MSP-M2-03;16/09/2023;PLSV2;26/12/2023;29/12/2023;;Limite;-105;49,9689;2444,80
46;8-MRL-97D-RJS;3;Remanejamento;;P-37;29/08/2023;09/05/2022;8-MRL-97D-RJS;09/09/2023;PLSV1;28/12/2023;31/12/2023;;Limite;-113;87,19099;485,00
47;3-RJS-488;9,6;Recolhimento;3ª carta até 31/mar;P-37;27/08/2023;01/06/2021;MSP-M2-03;16/09/2023;PLSV2;30/12/2023;09/01/2024;;Limite;-115;247,3353633;827,40
48;7-MRL-220HP-RJS;12,9;Recolhimento;;P-33;21/12/2023;10/02/2019;8-MRL-181D-RJS;29/09/2023;PLSV1;01/01/2024;14/01/2024;;Limite;-107;482,0625994;1679,10
49;7-MRL-89D-RJS;8;Remanejamento;;P-33;21/12/2023;07/10/2018;8-MRL-181D-RJS;29/09/2023;PLSV2;10/01/2024;18/01/2024;;Limite;-111;286,04708;1810,00
50;8-MRL-181D-RJS;2;Remanejamento;;P-33;21/12/2023;22/09/2018;8-MRL-181D-RJS;29/09/2023;PLSV1;15/01/2024;17/01/2024;;Limite;-110;203,95556;1831,00
51;8-MRL-90D-RJS;9,9;Recolhimento;;P-33;21/12/2023;22/09/2018;8-MRL-181D-RJS;29/09/2023;PLSV1;18/01/2024;28/01/2024;;Limite;-121;408,31963;1823,10
52;7-MRL-152HP-RJS;8;Remanejamento;;P-37;18/10/2023;02/08/2022;7-MRL-233H-RJS;15/10/2023;PLSV2;19/01/2024;27/01/2024;;Limite;-104;154,0466;431,00
53;7-MRL-7-RJS;27,8;Recolhimento;;P-19;18/12/2023;15/05/2017;8-MRL-191DP-RJS;28/10/2023;PLSV2;28/01/2024;25/02/2024;;Limite;-119;543,41751;2329,20
54;8-MLS-49HPA-RJS;9,9;Recolhimento;;P-37;13/11/2023;02/07/2021;NS-6;02/11/2023;PLSV1;29/01/2024;08/02/2024;;Limite;-97;406,78805;843,10
55;7-MRL-100H-RJS;9,1;Recolhimento;;P-26;01/01/1900;03/10/2020;7-MRL-100H-RJS;02/12/2023;PLSV1;09/02/2024;18/02/2024;;Limite;-78;89,52973924;1145,90
56;GA_P-53/P-26;3,5;Recolhimento;;P-26;;01/01/1900;7-MRL-100H-RJS;02/12/2023;PLSV1;19/02/2024;22/02/2024;;Limite;-82;76,05555;45257,50
57;8-MRL-65D-RJS;3;Remanejamento;;P-26;21/01/2024;29/01/2021;7-MRL-100H-RJS;02/12/2023;PLSV1;23/02/2024;26/02/2024;;Limite;-86;93,38958;1034,00
58;UEH_P-26 /PLET (GA_P-53/P-26);3,5;Recolhimento;;-;;01/01/1900;7-MRL-100H-RJS;02/12/2023;PLSV2;26/02/2024;29/02/2024;;Limite;-89;0;45257,50
59;7-MLS-79HP-RJS;18,2;Recolhimento;;P-26;;06/11/2020;7-MRL-100H-RJS;02/12/2023;PLSV1;27/02/2024;16/03/2024;;Limite;-106;411,75632;1102,80
60;7-MRL-123HP-RJS;15,3;Recolhimento;;P-26;21/01/2024;06/07/2021;7-MRL-100H-RJS;02/12/2023;PLSV2;01/03/2024;16/03/2024;;Limite;-105;151,86511;863,70
61;7-MRL-173HPA-RJS;21,6;Recolhimento;;P-18;13/10/2023;20/05/2023;7-MRL-173HPA-RJS;14/12/2023;PLSV2;17/03/2024;08/04/2024;;Limite;-116;401,16686;186,40
62;GA_P-33/P-19;7;Recolhimento;;P-33;13/10/2023;31/12/2022;7-MRL-173HPA-RJS;14/12/2023;PLSV1;17/03/2024;24/03/2024;;Limite;-101;509,9514;341,00
63;8-MRL-98D-RJS;4;Remanejamento;;P-26;06/02/2024;02/06/2022;8-MRL-98D-RJS;15/12/2023;PLSV1;25/03/2024;29/03/2024;;Limite;-105;56,35547;557,00
64;7-MRL-205HP-RJS;13,9;Recolhimento;;P-18;;31/12/2022;7-MRL-205HP-RJS;29/12/2023;PLSV1;30/03/2024;13/04/2024;;Limite;-107;197,78557;349,10
65;9-MRL-201-RJS;8;Remanejamento;;P-18;16/02/2024;31/12/2022;9-MRL-201-RJS;11/01/2024;PLSV2;09/04/2024;17/04/2024;;Limite;-97;309,69723;368,00
66;7-MRL-183HP-RJS;15,4;Recolhimento;;P-19;25/12/2023;01/10/2023;7-MRL-183HP-RJS;13/01/2024;PLSV1;14/04/2024;30/04/2024;;Limite;-107;278,77972;88,60
67;7-MRL-53D-RJS;15,1;Recolhimento;;P-19;05/02/2024;31/12/2022;7-MRL-53D-RJS;31/01/2024;PLSV2;18/04/2024;03/05/2024;;Limite;-93;89,12771;380,90
68;7-MRL-222HPA-RJS;12,8;Recolhimento;;P-18;09/03/2024;31/12/2022;7-MRL-222HPA-RJS;30/01/2024;PLSV1;01/05/2024;13/05/2024;;Limite;-105;385,2297;382,20
69;9-MRL-217D-RJS;12,3;Recolhimento;;P-19;05/02/2024;31/12/2022;7-MRL-53D-RJS;31/01/2024;PLSV2;04/05/2024;16/05/2024;;Limite;-106;173,10807;383,70
70;8-MRL-93H-RJS;2;Remanejamento;;P-35;03/04/2024;31/12/2022;8-MRL-93H-RJS;06/03/2024;PLSV1;14/05/2024;16/05/2024;;Limite;-71;104,7599259;429,00
71;8-MRL-94D-RJS;3;Remanejamento;;P-35;18/04/2024;18/11/2023;8-MRL-94D-RJS;19/03/2024;PLSV2;17/05/2024;20/05/2024;;Limite;-63;73,44240924;119,00
72;7-MRL-80-RJS;18,1;Recolhimento;;P-35;07/05/2024;21/01/2011;MSI-M1-02;31/03/2024;PLSV1;17/05/2024;05/06/2024;;Limite;-65;130,15528;4799,90
73;Linha Abandonada (desconectada);12;Recolhimento;;P-35;07/05/2024;01/01/1900;MSI-M1-02;31/03/2024;PLSV2;21/05/2024;02/06/2024;;Limite;-63;25;45369,00
74;7-MRL-81D-RJS;11,5;Recolhimento;;P-35;07/05/2024;20/06/2007;MSI-M1-02;31/03/2024;PLSV2;03/06/2024;15/06/2024;;Limite;-75;138,13949;6117,50
75;7-MRL-82D-RJS;26,9;Recolhimento;;P-35;07/05/2024;19/08/2020;MSI-M1-02;31/03/2024;PLSV1;06/06/2024;02/07/2024;;Limite;-93;140,00587;1293,10
76;UEH_P-35 /ESDV-1 (GA_P-26/P-35);1;Recolhimento;;P-35;05/05/2024;01/01/1900;8-MRL-95D-RJS;02/04/2024;PLSV2;16/06/2024;16/06/2024;;Limite;-74;25,441;45383,00
77;8-MRL-95D-RJS;3;Remanejamento;;P-35;05/05/2024;31/12/2022;8-MRL-95D-RJS;02/04/2024;PLSV2;17/06/2024;20/06/2024;;Limite;-78;64,24463;455,00
78;7-MRL-207H-RJS;15,3;Recolhimento;;P-35;16/05/2024;26/08/2020;8-MRL-92H-RJS;13/04/2024;PLSV2;21/06/2024;06/07/2024;;Limite;-84;192,2989;1310,70
79;8-MRL-92H-RJS;5;Remanejamento;;P-35;16/05/2024;31/12/2022;8-MRL-92H-RJS;13/04/2024;PLSV1;03/07/2024;08/07/2024;;Limite;-86;47,45413;464,00
80;8-MRL-108HP-RJS;2;Remanejamento;;P-35;06/06/2024;25/10/2023;8-MRL-108HP-RJS;27/04/2024;PLSV2;07/07/2024;09/07/2024;;Limite;-73;39,39063;183,00
81;8-MRL-39-RJS;6,3;Recolhimento;;P-19;21/08/2024;31/12/2022;8-MRL-39-RJS;03/05/2024;PLSV1;09/07/2024;16/07/2024;;Limite;-74;73,7794;482,70
82;8-MRL-41D-RJS;9,2;Recolhimento;;P-19;21/08/2024;31/12/2022;8-MRL-39-RJS;03/05/2024;PLSV2;10/07/2024;19/07/2024;;Limite;-78;83,3369;479,80
83;8-MRL-122HP-RJS;3;Remanejamento;;P-35;21/06/2024;07/07/2007;8-MRL-122HP-RJS;10/05/2024;PLSV1;17/07/2024;20/07/2024;;Limite;-71;137,2861323;6149,00
84;8-MRL-45D-RJS;4;Recolhimento;;P-18;06/08/2024;25/03/2021;8-MRL-45D-RJS;23/05/2024;PLSV2;20/07/2024;24/07/2024;;Limite;-63;170,07345;1151,00
85;7-MRL-196HP-RJS;8;Recolhimento;;P-18;13/09/2024;24/07/2023;8-MRL-18D-RJS;04/06/2024;PLSV1;21/07/2024;29/07/2024;;Limite;-54;137,41486;308,00
86;8-MRL-18D-RJS;3;Remanejamento;;P-18;13/09/2024;12/12/2023;8-MRL-18D-RJS;04/06/2024;PLSV2;25/07/2024;28/07/2024;;Limite;-54;44,09904;172,00
87;8-MRL-30D-RJS;3;Remanejamento;;P-18;01/10/2024;31/12/2022;8-MRL-30D-RJS;05/06/2024;PLSV2;29/07/2024;01/08/2024;;Limite;-57;43,36428;519,00
88;7-MRL-198HP-RJS;12,5;Recolhimento;;P-35;04/06/2024;26/08/2020;7-MRL-198HP-RJS;21/07/2024;PLSV1;30/07/2024;11/08/2024;;Limite;-21;236,91662;1412,50
89;8-MRL-192D-RJS;9,4;Recolhimento;;P-35;28/04/2024;12/01/2024;7-MRL-207H-RJS;14/09/2024;PLSV2;02/08/2024;12/08/2024;;;34;212,14137;236,60
90;7-MRL-212HP-RJS;8;Remanejamento;;P-19;16/12/2024;31/12/2022;7-MRL-212HP-RJS;05/10/2024;PLSV1;12/08/2024;20/08/2024;;;46;140,44755;636,00
91;3-MRL-2-RJS;8;Remanejamento;;P-19;30/08/2024;07/05/2017;MSP-M1-05;12/10/2024;PLSV2;13/08/2024;21/08/2024;;;52;227,61712;2707,00
92;7-MRL-224H-RJS;8;Remanejamento;;P-19;25/12/2024;31/12/2022;7-MRL-224H-RJS;23/10/2024;PLSV1;21/08/2024;29/08/2024;;;55;139,70755;654,00
93;7-MRL-226HPA-RJS;13,2;Recolhimento;;P-20;16/12/2024;31/12/2022;MSP-M1-02;28/11/2024;PLSV2;22/08/2024;04/09/2024;;;85;605,8858;684,80
94;3-MRL-3-RJS;30,9;Recolhimento;;P-20;01/02/2025;31/12/2022;7-MRL-226HPA-RJS;18/02/2025;PLSV1;30/08/2024;30/09/2024;;;141;653,04899;749,10
95;7-MRL-187HPA-RJS;3;Remanejamento;;P-20;01/03/2025;03/08/2020;7-MRL-187HPA-RJS;21/12/2024;PLSV2;05/09/2024;08/09/2024;;;104;318,25648;1598,00
96;7-MRL-141HP-RJS;12,2;-;-;P-37;08/11/2023;06/03/2019;7-MRL-141HP-RJS;25/12/2099;PLSV2;09/09/2024;21/09/2024;;;27487;81,626742;29501,80
97;7-MRL-190HP-RJS;30;-;-;P-35;19/10/2024;15/08/2020;8-MRL-38H-RJS;28/12/2099;PLSV2;22/09/2024;22/10/2024;;;27459;221,64437;28959,00
98;8-MRL-38H-RJS;2;-;-;P-18;19/10/2024;21/07/2020;8-MRL-38H-RJS;28/12/2099;PLSV1;01/10/2024;03/10/2024;;;27478;68,09087;29012,00
99;7-MRL-25D-RJS;6,3;-;-;P-18;19/10/2024;04/05/2004;8-MRL-38H-RJS;28/12/2099;PLSV1;04/10/2024;10/10/2024;;;27471;40,02048;34929,70
100;UH_CJ/PLET VD-02D;1;-;-;P-27;;01/01/1900;;31/12/2099;PLSV1;11/10/2024;11/10/2024;;Limite;-45577;62,91556;73049,00
101;8-MRL-116D-RJS;3;-;-;P-26;20/02/2023;27/03/2021;8-MRL-116D-RJS;31/12/2099;PLSV1;12/10/2024;15/10/2024;;;27469;60,81299597;28765,00
102;"GA_P-37/P-26 8""";1;-;-;P-26;#N/D;01/01/1900;;31/12/2099;PLSV1;16/10/2024;16/10/2024;;Limite;-45582;259,44;73049,00
103;GA_P-35/MIS-MRL-1;1;-;-;P-35;#N/D;01/01/1900;;31/12/2099;PLSV1;17/10/2024;17/10/2024;;Limite;-45583;186,10198;73049,00
104;GA_P-27/MIS-MRL-1;1;-;-;P-27;#N/D;01/01/1900;;31/12/2099;PLSV1;18/10/2024;18/10/2024;;Limite;-45584;64,34868;73049,00
105;"GA_P-20/T2-GASODUTO ALBACORA 8""";1;-;-;P-20;#N/D;01/01/1900;;31/12/2099;PLSV1;19/10/2024;19/10/2024;;Limite;-45585;201,80412;73049,00
106;GA_P-18/MIS-MRL-1;1;-;-;P-18;#N/D;01/01/1900;;31/12/2099;PLSV1;20/10/2024;20/10/2024;;Limite;-45586;135,96458;73049,00
107;8-MRL-79D-RJS;1;-;-;P-26;#N/D;01/01/1900;;31/12/2099;PLSV1;21/10/2024;21/10/2024;;Limite;-45587;99,7212;73049,00
108;8-MRL-77D-RJS;1;-;-;P-26;#N/D;01/01/1900;;31/12/2099;PLSV1;22/10/2024;22/10/2024;;Limite;-45588;57,3994;73049,00
109;8-MRL-75D-RJS;1;-;-;P-26;#N/D;01/01/1900;;31/12/2099;PLSV2;23/10/2024;23/10/2024;;Limite;-45589;104,7876;73049,00
110;8-MRL-73D-RJS;1;-;-;P-26;#N/D;01/01/1900;;31/12/2099;PLSV1;23/10/2024;23/10/2024;;Limite;-45589;102,53362;73049,00
111;8-MRL-57DA-RJS;1;-;-;P-33;#N/D;01/01/1900;;31/12/2099;PLSV2;24/10/2024;24/10/2024;;Limite;-45590;121,34163;73049,00
112;8-MRL-48D-RJS;1;-;-;P-19;#N/D;05/08/2017;7-MRL-42-RJS;10/11/2024;PLSV1;24/10/2024;24/10/2024;;;16;86,1952;2654,00
113;8-MRL-44D-RJS;1;-;-;P-19;#N/D;01/01/1900;;31/12/2099;PLSV2;25/10/2024;25/10/2024;;Limite;-45591;78,2327;73049,00
114;8-MRL-36D-RJS;1;-;-;P-18;#N/D;01/01/1900;;31/12/2099;PLSV1;25/10/2024;25/10/2024;;Limite;-45591;49,61666;73049,00
115;8-MRL-34D-RJS;1;-;-;P-18;#N/D;01/01/1900;;31/12/2099;PLSV2;26/10/2024;26/10/2024;;Limite;-45592;49,67635;73049,00
116;8-MRL-31D-RJS;1;-;-;P-18;#N/D;01/01/1900;;31/12/2099;PLSV1;26/10/2024;26/10/2024;;Limite;-45592;43,8053;73049,00
117;8-MRL-163HP-RJS;1;-;-;P-26;#N/D;01/01/1900;;31/12/2099;PLSV2;27/10/2024;27/10/2024;;Limite;-45593;331,3388;73049,00
118;8-MRL-15D-RJS;1;-;-;P-18;#N/D;01/01/1900;;31/12/2099;PLSV1;27/10/2024;27/10/2024;;Limite;-45593;40,99085;73049,00
119;8-MRL-139D-RJS;1;-;-;P-37;#N/D;01/01/1900;;31/12/2099;PLSV2;28/10/2024;28/10/2024;;Limite;-45594;32,52054;73049,00
120;7-MRL-14-RJS;1;-;-;P-18;#N/D;01/01/1900;;31/12/2099;PLSV1;28/10/2024;28/10/2024;;Limite;-45594;153,97566;73049,00
121;8-MRL-120D-RJS;1;-;-;P-37;#N/D;01/01/1900;;31/12/2099;PLSV2;29/10/2024;29/10/2024;;Limite;-45595;32,18869;73049,00
122;7-MRL-17-RJS;1;-;-;P-18;#N/D;01/01/1900;;31/12/2099;PLSV1;29/10/2024;29/10/2024;;Limite;-45595;229,39009;73049,00
123;MSI-MRL-04;1;-;-;P-37;#N/D;01/01/1900;;31/12/2099;PLSV2;30/10/2024;30/10/2024;;Limite;-45596;355,25872;73049,00
124;UH_P-19/PLET-MRL-2C;1;-;-;P-19;#N/D;01/01/1900;;31/12/2099;PLSV1;30/10/2024;30/10/2024;;Limite;-45596;42,6426;73049,00
125;UEH_P-37/SSAO-2;1;-;-;P-37;#N/D;01/01/1900;;31/12/2099;PLSV2;31/10/2024;31/10/2024;;Limite;-45597;82,544;73049,00
126;UEH_P-37/SSAO-1;1;-;-;P-37;#N/D;01/01/1900;;31/12/2099;PLSV1;31/10/2024;31/10/2024;;Limite;-45597;32,669;73049,00
127;UEH_P-37/SDV-P-40;1;-;-;P-37;#N/D;01/01/1900;;31/12/2099;PLSV2;01/11/2024;01/11/2024;;Limite;-45598;26,866;73049,00
128;"UEH_P-33/ESDV-8""-VE-P33 (GA_P-33/P-19)";1;-;-;P-33;#N/D;01/01/1900;;31/12/2099;PLSV1;01/11/2024;01/11/2024;;Limite;-45598;23,655;73049,00
129;"O_P-26/P-33-LESTE 10""";1;-;-;P-33;#N/D;01/01/1900;;31/12/2099;PLSV2;02/11/2024;02/11/2024;;Limite;-45599;193,8234;73049,00
130;UEH_P-26/ESDV-VE-P-26(GA_P-26/P-35);1;-;-;P-26;#N/D;01/01/1900;;31/12/2099;PLSV1;02/11/2024;02/11/2024;;Limite;-45599;6,194;73049,00
131;UEH_P-20/SBMS-500;1;-;-;P-20;#N/D;01/01/1900;;31/12/2099;PLSV2;03/11/2024;03/11/2024;;Limite;-45600;54,417;73049,00
132;UEH_P-19/ESDV-VE_P-19(GA_P-19/P-18);1;-;-;P-19;#N/D;01/01/1900;;31/12/2099;PLSV1;03/11/2024;03/11/2024;;Limite;-45600;8,018;73049,00
133;8-MRL-35-RJS;1;-;-;P-18;#N/D;01/01/1900;;31/12/2099;PLSV2;04/11/2024;04/11/2024;;Limite;-45601;50,6924;73049,00
134;UEH_P-18/ESDV-VE-P-18(GA_P-19/P-18);1;-;-;P-18;#N/D;01/01/1900;;31/12/2099;PLSV1;04/11/2024;04/11/2024;;Limite;-45601;4,541;73049,00
135;"UEH_CJ-1_P-19/ESDV-8""-VE-P19 (GA_P-33/P-19)";1;-;-;P-19;#N/D;01/01/1900;;31/12/2099;PLSV2;05/11/2024;05/11/2024;;Limite;-45602;0,988;73049,00
136;PO_SSAO/P-37;1;-;-;P-37;#N/D;01/01/1900;;31/12/2099;PLSV1;05/11/2024;05/11/2024;;Limite;-45602;71,0976;73049,00
137;PO_MRL-016D/P-18;1;-;-;P-18;#N/D;01/01/1900;;31/12/2099;PLSV2;06/11/2024;06/11/2024;;Limite;-45603;1,85856;73049,00
138;"O_P-27/P-32 8""";1;-;-;P-27;#N/D;01/01/1900;;31/12/2099;PLSV1;06/11/2024;06/11/2024;;Limite;-45603;112,1124;73049,00
139;"O_P-26/P-33-OESTE 10""";1;-;-;P-26;#N/D;01/01/1900;;31/12/2099;PLSV2;07/11/2024;07/11/2024;;Limite;-45604;367,55534;73049,00
140;"O_P-18/P-32-NORTE 12""";1;-;-;P-18;#N/D;01/01/1900;;31/12/2099;PLSV1;07/11/2024;07/11/2024;;Limite;-45604;201,83624;73049,00
141;"O_P-18/P-32-SUL 12""";1;-;-;P-18;#N/D;01/01/1900;;31/12/2099;PLSV2;08/11/2024;08/11/2024;;Limite;-45605;202,7794;73049,00
142;MSP-MRL-05;1;-;-;P-37;#N/D;01/01/1900;;31/12/2099;PLSV1;08/11/2024;08/11/2024;;Limite;-45605;650,27355;73049,00
143;MSP-MRL-01;1;-;-;P-35;#N/D;01/01/1900;;31/12/2099;PLSV2;09/11/2024;09/11/2024;;Limite;-45606;612,10951;73049,00
144;UEH_CJ-1_P-26/PLET MRL-09B;1;-;-;P-26;#N/D;01/01/1900;;31/12/2099;PLSV1;09/11/2024;09/11/2024;;Limite;-45606;6,65;73049,00
145;7-VD-12H-RJS;1;-;-;P-27;#N/D;01/01/1900;;31/12/2099;PLSV2;10/11/2024;10/11/2024;;Limite;-45607;198,87607;73049,00
146;7-VD-16HP-RJS;1;-;-;P-27;#N/D;01/01/1900;;31/12/2099;PLSV1;10/11/2024;10/11/2024;;Limite;-45607;433,59908;73049,00
147;7-MRL-9-RJS;1;-;-;P-19;#N/D;01/01/1900;;31/12/2099;PLSV2;11/11/2024;11/11/2024;;Limite;-45608;107,19141;73049,00
148;7-MRL-188H-RJS;1;-;-;P-19;#N/D;01/01/1900;;31/12/2099;PLSV1;11/11/2024;11/11/2024;;Limite;-45608;161,5434;73049,00
149;7-MRL-177HP-RJS;1;-;-;P-26;#N/D;01/01/1900;;31/12/2099;PLSV2;12/11/2024;12/11/2024;;Limite;-45609;94,61790323;73049,00
150;7-MRL-171HP-RJS;1;-;-;P-35;#N/D;01/01/1900;;31/12/2099;PLSV1;12/11/2024;12/11/2024;;Limite;-45609;61,07;73049,00
151;7-MRL-159HP-RJS;1;-;-;P-18;#N/D;01/01/1900;;31/12/2099;PLSV2;13/11/2024;13/11/2024;;Limite;-45610;146,66188;73049,00
152;7-MRL-147HP-RJS;1;-;-;P-37;#N/D;01/01/1900;;31/12/2099;PLSV1;13/11/2024;13/11/2024;;Limite;-45610;239,7349;73049,00
153;7-MRL-142HA-RJS;1;-;-;P-35;#N/D;01/01/1900;;31/12/2099;PLSV2;14/11/2024;14/11/2024;;Limite;-45611;80,13442;73049,00
154;7-MRL-136HP-RJS;1;-;-;P-26;#N/D;01/01/1900;;31/12/2099;PLSV1;14/11/2024;14/11/2024;;Limite;-45611;99,91135;73049,00
155;7-MRL-129HPA-RJS;1;-;-;P-35;#N/D;01/01/1900;;31/12/2099;PLSV2;15/11/2024;15/11/2024;;Limite;-45612;47,06224;73049,00
156;7-MRL-127H-RJS;1;-;-;P-33;#N/D;01/01/1900;;31/12/2099;PLSV1;15/11/2024;15/11/2024;;Limite;-45612;194,01498;73049,00
157;MSPI-MRL-02;1;-;-;P-35;#N/D;01/01/1900;8-MRL-122HP-RJS;10/05/2024;PLSV2;16/11/2024;16/11/2024;;Limite;-190;867,65161;45421,00
158;7-MRL-126HP-RJS;1;-;-;P-26;#N/D;01/01/1900;;31/12/2099;PLSV1;16/11/2024;16/11/2024;;Limite;-45613;229,60461;73049,00
159;7-MRL-118H-RJS;1;-;-;P-35;#N/D;01/01/1900;;31/12/2099;PLSV2;17/11/2024;17/11/2024;;Limite;-45614;166,77728;73049,00
160;7-MRL-115H-RJS;1;-;-;P-26;#N/D;01/01/1900;;31/12/2099;PLSV1;17/11/2024;17/11/2024;;Limite;-45614;87,4363;73049,00
161;7-MRL-112H-RJS;1;-;-;P-19;#N/D;01/01/1900;;31/12/2099;PLSV2;18/11/2024;18/11/2024;;Limite;-45615;145,6363;73049,00
162;7-MRL-111D-RJS;1;-;-;P-37;#N/D;01/01/1900;;31/12/2099;PLSV1;18/11/2024;18/11/2024;;Limite;-45615;124,46085;73049,00
163;7-MRL-109H-RJS;1;-;-;P-33;#N/D;01/01/1900;;31/12/2099;PLSV2;19/11/2024;19/11/2024;;Limite;-45616;144,69679;73049,00
164;7-MRL-101D-RJS;1;-;-;P-37;#N/D;01/01/1900;;31/12/2099;PLSV1;19/11/2024;19/11/2024;;Limite;-45616;130,9915;73049,00
165;7-VD-2HPA-RJS;1;-;-;P-27;#N/D;15/07/2013;4-RJS-377;21/06/2023;PLSV2;20/11/2024;20/11/2024;;Limite;-518;354,45139;3628,00
166;7-MRL-8D-RJS;1;-;-;P-20;#N/D;17/03/2021;Cabo ótico;26/12/2099;PLSV1;20/11/2024;20/11/2024;;;27428;198,32683;28773,00
167;7-VD-4HPB-RJS;1;-;-;P-27;#N/D;23/10/2020;7-VD-17HA-RJS;17/08/2023;PLSV2;21/11/2024;21/11/2024;;Limite;-462;277,48593;1028,00
168;7-MRL-121HP-RJS;1;-;-;P-35;#N/D;01/01/1900;;31/12/2099;PLSV1;21/11/2024;21/11/2024;;Limite;-45618;150,24291;73049,00
169;GA_P-19/P-18;1;-;-;P-19;#N/D;31/12/2022;8-MRL-45D-RJS;23/05/2024;PLSV2;22/11/2024;22/11/2024;;Limite;-183;848,09556;509,00
170;7-MRL-208H-RJS;1;-;-;P-35;#N/D;01/01/1900;;31/12/2099;PLSV1;22/11/2024;22/11/2024;;Limite;-45619;252,02921;73049,00
171;7-MRL-21D-RJS;1;-;-;P-18;#N/D;01/01/1900;;31/12/2099;PLSV2;23/11/2024;23/11/2024;;Limite;-45620;133,6274555;73049,00
172;7-MRL-99D-RJS;1;-;-;P-33;#N/D;01/01/1900;;31/12/2099;PLSV1;23/11/2024;23/11/2024;;Limite;-45620;203,69083;73049,00
173;7-MRL-86D-RJS;1;-;-;P-37;#N/D;01/01/1900;;31/12/2099;PLSV2;24/11/2024;24/11/2024;;Limite;-45621;43,32056;73049,00
174;7-MRL-85D-RJS;1;-;-;P-37;#N/D;01/01/1900;;31/12/2099;PLSV1;24/11/2024;24/11/2024;;Limite;-45621;48,70086;73049,00
175;7-MRL-84HP-RJS;1;-;-;P-19;#N/D;01/01/1900;;31/12/2099;PLSV2;25/11/2024;25/11/2024;;Limite;-45622;150,7985;73049,00
176;7-MRL-78D-RJS;1;-;-;P-26;#N/D;01/01/1900;;31/12/2099;PLSV1;25/11/2024;25/11/2024;;Limite;-45622;149,20194;73049,00
177;7-MRL-71D-RJS;1;-;-;P-35;#N/D;01/01/1900;;31/12/2099;PLSV2;26/11/2024;26/11/2024;;Limite;-45623;35,49014;73049,00
178;7-MRL-69-RJS;1;-;-;P-35;#N/D;01/01/1900;;31/12/2099;PLSV1;26/11/2024;26/11/2024;;Limite;-45623;55,68965;73049,00
179;7-MRL-68D-RJS;1;-;-;P-26;#N/D;01/01/1900;;31/12/2099;PLSV2;27/11/2024;27/11/2024;;Limite;-45624;147,2918;73049,00
180;7-MRL-62D-RJS;1;-;-;P-20;#N/D;01/01/1900;;31/12/2099;PLSV1;27/11/2024;27/11/2024;;Limite;-45624;151,32234;73049,00
181;8-MRL-61A-RJS;6;-;-;P-26;20/02/2023;25/02/2013;8-MRL-116D-RJS;31/12/2099;PLSV2;28/11/2024;04/12/2024;;;27419;142,27898;31714,00
182;7-MRL-58D-RJS;1;-;-;P-26;#N/D;01/01/1900;;31/12/2099;PLSV1;28/11/2024;28/11/2024;;Limite;-45625;172,17502;73049,00
183;7-MRL-51-RJS;1;-;-;P-35;#N/D;01/01/1900;;31/12/2099;PLSV1;29/11/2024;29/11/2024;;Limite;-45626;68,22685;73049,00
184;7-MRL-47D-RJS;1;-;-;P-19;#N/D;10/12/2007;7-MRL-42-RJS;10/11/2024;PLSV1;30/11/2024;30/11/2024;;Limite;-21;24,056;6180,00
185;7-MRL-43D-RJS;1;-;-;P-19;#N/D;01/01/1900;;31/12/2099;PLSV1;01/12/2024;01/12/2024;;Limite;-45628;141,33673;73049,00
186;7-MRL-42-RJS;10;-;-;P-19;#N/D;15/08/2023;7-MRL-42-RJS;10/11/2024;PLSV1;02/12/2024;12/12/2024;;Limite;-33;157,1306;443,00
187;7-MRL-29D-RJS;1;-;-;P-18;#N/D;01/01/1900;;31/12/2099;PLSV2;05/12/2024;05/12/2024;;Limite;-45632;114,98139;73049,00
188;7-MRL-40D-RJS;1;-;-;P-19;#N/D;01/01/1900;;31/12/2099;PLSV2;06/12/2024;06/12/2024;;Limite;-45633;147,2328;73049,00
189;7-MRL-27D-RJS;1;-;-;P-18;#N/D;01/01/1900;;31/12/2099;PLSV2;07/12/2024;07/12/2024;;Limite;-45634;112,9294;73049,00
190;7-MRL-23D-RJS;1;-;-;P-18;#N/D;01/01/1900;;31/12/2099;PLSV2;08/12/2024;08/12/2024;;Limite;-45635;131,74331;73049,00
191;7-MRL-22D-RJS;1;-;-;P-18;#N/D;01/01/1900;;31/12/2099;PLSV2;09/12/2024;09/12/2024;;Limite;-45636;198,79509;73049,00
192;7-MRL-54-RJS;1;-;-;P-19;#N/D;01/01/1900;;31/12/2099;PLSV2;10/12/2024;10/12/2024;;Limite;-45637;93,3385;73049,00
193;7-MRL-88H-RJS;1;-;-;P-33;#N/D;01/01/1900;;31/12/2099;PLSV2;11/12/2024;11/12/2024;;Limite;-45638;177,35394;73049,00